Federation,RecordName,AgeGroup,Gender,ageLow,ageUpper,bwLow,bwUpper,Lift,Record,Name,Born,Nation,Date,Place
DMV,DMV,JR,M,15,20,55,61,Snatch,97,Byron Noon,,,2020-02-07,
DMV,DMV,JR,M,15,20,55,61,Clean & Jerk,115,Byron Noon,,,2020-02-07,
DMV,DMV,JR,M,15,20,55,61,Total,212,Byron Noon,,,2020-02-07,
DMV,DMV,JR,M,15,20,61,67,Snatch,73,Alexander Jenkins,,,2021-06-29,"Rosedale, MD"
DMV,DMV,JR,M,15,20,61,67,Clean & Jerk,73,Alexander Jenkins,,,2021-06-29,"Rosedale, MD"
DMV,DMV,JR,M,15,20,61,67,Total,73,Alexander Jenkins,,,2021-06-29,"Rosedale, MD"
DMV,DMV,JR,M,15,20,67,73,Snatch,100,Michael Duffy,,,2020-03-08,
DMV,DMV,JR,M,15,20,67,73,Clean & Jerk,120,Keshav Nair,,,2020-03-08,
DMV,DMV,JR,M,15,20,67,73,Total,220,Michael Duffy,,,2020-03-08,
DMV,DMV,JR,M,15,20,73,81,Snatch,131,Connor Popielarz,,,2024-03-01,
DMV,DMV,JR,M,15,20,73,81,Clean & Jerk,187,Caleb Goodman,,,2020-12-06,
DMV,DMV,JR,M,15,20,73,81,Total,302,Connor Popielarz,,,2024-03-01,
DMV,DMV,JR,M,15,20,81,89,Snatch,146,Caleb Goodman,,,2023-07-01,
DMV,DMV,JR,M,15,20,81,89,Clean & Jerk,187,Caleb Goodman,,,2023-07-01,
DMV,DMV,JR,M,15,20,81,89,Total,333,Caleb Goodman,,,2023-07-01,
DMV,DMV,JR,M,15,20,89,96,Snatch,134,Lucas Brinson,,,2024-01-13,"Rosedale, MD"
DMV,DMV,JR,M,15,20,89,96,Clean & Jerk,165,Lucas Brinson,,,2024-01-13,"Rosedale, MD"
DMV,DMV,JR,M,15,20,89,96,Total,299,Lucas Brinson,,,2024-01-13,"Rosedale, MD"
DMV,DMV,JR,M,15,20,96,102,Snatch,150,Caleb Weakland,,,2023-12-10,
DMV,DMV,JR,M,15,20,96,102,Clean & Jerk,184,Aaron Nice,,,2023-06-29,
DMV,DMV,JR,M,15,20,96,102,Total,330,Caleb Weakland,,,2023-12-10,
DMV,DMV,JR,M,15,20,102,109,Snatch,146,Caleb Weakland,,,2024-03-02,
DMV,DMV,JR,M,15,20,102,109,Clean & Jerk,178,Caleb Weakland,,,2024-03-02,
DMV,DMV,JR,M,15,20,102,109,Total,324,Caleb Weakland,,,2024-03-02,
DMV,DMV,JR,M,15,20,109,999,Snatch,95,Logan Cohn,,,2022-08-07,
DMV,DMV,JR,M,15,20,109,999,Clean & Jerk,124,Vincent Shelah,,,2024-01-20,
DMV,DMV,JR,M,15,20,109,999,Total,234,Vincent Shelah,,,2024-01-20,
DMV,DMV,JR,F,15,20,0,45,Snatch,33,Tessa Hollandar,,,2020-01-29,
DMV,DMV,JR,F,15,20,0,45,Clean & Jerk,43,Tessa Hollandar,,,2020-01-29,
DMV,DMV,JR,F,15,20,0,45,Total,76,Tessa Hollandar,,,2020-01-29,
DMV,DMV,JR,F,15,20,45,49,Snatch,61,Jaelyn Noon,,,2021-06-28,
DMV,DMV,JR,F,15,20,45,49,Clean & Jerk,75,Jaelyn Noon,,,2021-06-28,
DMV,DMV,JR,F,15,20,45,49,Total,136,Jaelyn Noon,,,2021-06-28,
DMV,DMV,JR,F,15,20,49,55,Snatch,82,Ella Grizzle,,,2020-02-07,
DMV,DMV,JR,F,15,20,49,55,Clean & Jerk,90,Ella Grizzle,,,2020-02-07,
DMV,DMV,JR,F,15,20,49,55,Total,173,Ella Grizzle,,,2020-02-07,
DMV,DMV,JR,F,15,20,55,59,Snatch,67,Catherine Reynolds,,,2020-03-31,
DMV,DMV,JR,F,15,20,55,59,Clean & Jerk,90,Catherine Reynolds,,,2020-03-31,
DMV,DMV,JR,F,15,20,55,59,Total,157,Catherine Reynolds,,,2020-03-31,
DMV,DMV,JR,F,15,20,59,64,Snatch,81,AJ Davenport,,,2021-07-17,
DMV,DMV,JR,F,15,20,59,64,Clean & Jerk,100,AJ Davenport,,,2021-07-17,
DMV,DMV,JR,F,15,20,59,64,Total,181,AJ Davenport,,,2021-07-17,
DMV,DMV,JR,F,15,20,64,71,Snatch,91,Natalie Andrews,,,2021-12-04,
DMV,DMV,JR,F,15,20,64,71,Clean & Jerk,109,Natalie Andrews,,,2021-12-04,
DMV,DMV,JR,F,15,20,64,71,Total,200,Natalie Andrews,,,2021-12-04,
DMV,DMV,JR,F,15,20,71,76,Snatch,89,Natalie Andrews,,,2022-06-30,
DMV,DMV,JR,F,15,20,71,76,Clean & Jerk,111,Natalie Andrews,,,2022-06-30,
DMV,DMV,JR,F,15,20,71,76,Total,200,Natalie Andrews,,,2022-06-30,
DMV,DMV,JR,F,15,20,76,81,Snatch,97,Natalie Andrews,,,2023-06-29,
DMV,DMV,JR,F,15,20,76,81,Clean & Jerk,119,Natalie Andrews,,,2023-06-29,
DMV,DMV,JR,F,15,20,76,81,Total,216,Natalie Andrews,,,2023-06-29,
DMV,DMV,JR,F,15,20,81,87,Snatch,98,Avery Owens,,,2022-10-22,
DMV,DMV,JR,F,15,20,81,87,Clean & Jerk,128,Avery Owens,,,2022-10-22,
DMV,DMV,JR,F,15,20,81,87,Total,226,Avery Owens,,,2022-10-22,
DMV,DMV,JR,F,15,20,87,999,Snatch,95,Avery Owens,,,2021-09-19,
DMV,DMV,JR,F,15,20,87,999,Clean & Jerk,122,Avery Owens,,,2021-09-19,
DMV,DMV,JR,F,15,20,87,999,Total,217,Avery Owens,,,2021-09-19,
DMV,DMV,M35,M,35,39,55,61,Snatch,68,Michael Lee,,,2020-01-26,"Rosedale, MD"
DMV,DMV,M35,M,35,39,55,61,Clean & Jerk,80,Michael Lee,,,2020-01-26,"Rosedale, MD"
DMV,DMV,M35,M,35,39,55,61,Total,148,Michael Lee,,,2020-01-26,"Rosedale, MD"
DMV,DMV,M35,M,35,39,61,67,Snatch,100,Nicholas Suarez,,,2022-12-09,
DMV,DMV,M35,M,35,39,61,67,Clean & Jerk,120,Nicholas Suarez,,,2022-12-09,
DMV,DMV,M35,M,35,39,61,67,Total,220,Nicholas Suarez,,,2022-12-09,
DMV,DMV,M35,M,35,39,67,73,Snatch,122,Willie Day,,,2020-10-31,"Rosedale, MD"
DMV,DMV,M35,M,35,39,67,73,Clean & Jerk,146,Steve Yanda,,,2020-10-31,"Rosedale, MD"
DMV,DMV,M35,M,35,39,67,73,Total,268,Steve Yanda,,,2020-10-31,"Rosedale, MD"
DMV,DMV,M35,M,35,39,73,81,Snatch,135,Jeffrey Jenkins,,,2021-05-24,
DMV,DMV,M35,M,35,39,73,81,Clean & Jerk,155,Daniel Himmer,,,2020-04-12,
DMV,DMV,M35,M,35,39,73,81,Total,280,Jeffrey Jenkins,,,2021-05-24,
DMV,DMV,M35,M,35,39,81,89,Snatch,122,Matthew Fitzgerald,,,2023-10-14,"Richmond, VA"
DMV,DMV,M35,M,35,39,81,89,Clean & Jerk,150,Marcos Hernandez,,,2023-01-15,
DMV,DMV,M35,M,35,39,81,89,Total,270,Matthew Fitzgerald,,,2023-10-14,"Richmond, VA"
DMV,DMV,M35,M,35,39,89,96,Snatch,157,Phil Sabatini,,,2021-07-03,
DMV,DMV,M35,M,35,39,89,96,Clean & Jerk,185,Phil Sabatini,,,2021-07-03,
DMV,DMV,M35,M,35,39,89,96,Total,342,Phil Sabatini,,,2021-07-03,
DMV,DMV,M35,M,35,39,96,102,Snatch,130,Joe Smackum,,,2021-05-02,
DMV,DMV,M35,M,35,39,96,102,Clean & Jerk,162,Joe Smackum,,,2021-05-02,
DMV,DMV,M35,M,35,39,96,102,Total,292,Joe Smackum,,,2021-05-02,
DMV,DMV,M35,M,35,39,102,109,Snatch,125,Chris Tolzman,,,2020-01-19,
DMV,DMV,M35,M,35,39,102,109,Clean & Jerk,152,Chris Tolzman,,,2020-01-19,
DMV,DMV,M35,M,35,39,102,109,Total,277,Chris Tolzman,,,2020-01-19,
DMV,DMV,M35,M,35,39,109,999,Snatch,140,Matthew Barger,,,2021-03-27,
DMV,DMV,M35,M,35,39,109,999,Clean & Jerk,176,Matthew Barger,,,2021-03-27,
DMV,DMV,M35,M,35,39,109,999,Total,316,Matthew Barger,,,2021-03-27,
DMV,DMV,M40,M,40,44,67,73,Snatch,104,Antonio Penaloza Nieto,,,2022-05-01,
DMV,DMV,M40,M,40,44,67,73,Clean & Jerk,130,Antonio Penaloza Nieto,,,2022-05-01,
DMV,DMV,M40,M,40,44,67,73,Total,234,Antonio Penaloza Nieto,,,2022-05-01,
DMV,DMV,M40,M,40,44,73,81,Snatch,93,Payton Lamb,,,2022-08-07,"Richmond, VA"
DMV,DMV,M40,M,40,44,73,81,Clean & Jerk,115,Payton Lamb,,,2022-08-07,"Richmond, VA"
DMV,DMV,M40,M,40,44,73,81,Total,208,Payton Lamb,,,2022-08-07,"Richmond, VA"
DMV,DMV,M40,M,40,44,81,89,Snatch,110,Adam Beytin,,,2024-01-13,
DMV,DMV,M40,M,40,44,81,89,Clean & Jerk,133,Adam Beytin,,,2024-01-13,
DMV,DMV,M40,M,40,44,81,89,Total,243,Adam Beytin,,,2024-01-13,
DMV,DMV,M40,M,40,44,89,96,Snatch,120,Joseph Smackum,,,2023-03-18,
DMV,DMV,M40,M,40,44,89,96,Clean & Jerk,161,Joseph Smackum,,,2023-03-18,
DMV,DMV,M40,M,40,44,89,96,Total,281,Joseph Smackum,,,2023-03-18,
DMV,DMV,M40,M,40,44,96,102,Snatch,122,Adrian Francis,,,2023-08-12,
DMV,DMV,M40,M,40,44,96,102,Clean & Jerk,140,Adrian Francis,,,2023-08-12,
DMV,DMV,M40,M,40,44,96,102,Total,262,Adrian Francis,,,2023-08-12,
DMV,DMV,M40,M,40,44,102,109,Snatch,123,Joseph Smackum,,,2022-06-12,
DMV,DMV,M40,M,40,44,102,109,Clean & Jerk,160,Joseph Smackum,,,2022-06-12,
DMV,DMV,M40,M,40,44,102,109,Total,283,Joseph Smackum,,,2022-06-12,
DMV,DMV,M40,M,40,44,109,999,Snatch,118,Brandon Davis,,,2021-03-20,
DMV,DMV,M40,M,40,44,109,999,Clean & Jerk,153,Brandon Davis,,,2021-03-20,
DMV,DMV,M40,M,40,44,109,999,Total,271,Brandon Davis,,,2021-03-20,
DMV,DMV,M45,M,45,49,61,67,Snatch,76,Gregory Casanova,,,2023-07-08,
DMV,DMV,M45,M,45,49,61,67,Clean & Jerk,100,Gregory Casanova,,,2023-07-08,
DMV,DMV,M45,M,45,49,61,67,Total,176,Gregory Casanova,,,2023-07-08,
DMV,DMV,M45,M,45,49,67,73,Snatch,91,Mark Massie,,,2020-10-09,
DMV,DMV,M45,M,45,49,67,73,Clean & Jerk,111,Mark Massie,,,2020-10-09,
DMV,DMV,M45,M,45,49,67,73,Total,202,Mark Massie,,,2020-10-09,
DMV,DMV,M45,M,45,49,73,81,Snatch,93,Larry Geddings,,,2021-03-19,
DMV,DMV,M45,M,45,49,73,81,Clean & Jerk,117,Larry Geddings,,,2021-03-19,
DMV,DMV,M45,M,45,49,73,81,Total,210,Larry Geddings,,,2021-03-19,
DMV,DMV,M45,M,45,49,81,89,Snatch,100,Marcus White,,,2023-03-17,
DMV,DMV,M45,M,45,49,81,89,Clean & Jerk,131,Marcus White,,,2023-03-17,
DMV,DMV,M45,M,45,49,81,89,Total,231,Marcus White,,,2023-03-17,
DMV,DMV,M45,M,45,49,89,96,Snatch,97,Brian Douglas,,,2020-03-08,"Virginia Beach, VA"
DMV,DMV,M45,M,45,49,89,96,Clean & Jerk,126,Brian Douglas,,,2020-03-08,"Virginia Beach, VA"
DMV,DMV,M45,M,45,49,89,96,Total,223,Brian Douglas,,,2020-03-08,"Virginia Beach, VA"
DMV,DMV,M45,M,45,49,96,102,Snatch,105,"Brian Douglas, Sr.",,,2021-01-24,"Richmond, VA"
DMV,DMV,M45,M,45,49,96,102,Clean & Jerk,133,"Brian Douglas, Sr.",,,2021-01-24,"Richmond, VA"
DMV,DMV,M45,M,45,49,96,102,Total,238,"Brian Douglas, Sr.",,,2021-01-24,"Richmond, VA"
DMV,DMV,M45,M,45,49,102,109,Snatch,80,Roman Garanzuay,,,2021-10-09,
DMV,DMV,M45,M,45,49,102,109,Clean & Jerk,105,Roman Garanzuay,,,2021-10-09,
DMV,DMV,M45,M,45,49,102,109,Total,185,Roman Garanzuay,,,2021-10-09,
DMV,DMV,M45,M,45,49,109,999,Snatch,100,Gary Miller,,,2020-01-19,
DMV,DMV,M45,M,45,49,109,999,Clean & Jerk,125,Gary Miller,,,2020-01-19,
DMV,DMV,M45,M,45,49,109,999,Total,225,Gary Miller,,,2020-01-19,
DMV,DMV,M50,M,50,54,61,67,Snatch,67,John Hirsch IV,,,2023-10-14,
DMV,DMV,M50,M,50,54,61,67,Clean & Jerk,80,John Hirsch IV,,,2023-10-14,
DMV,DMV,M50,M,50,54,61,67,Total,147,John Hirsch IV,,,2023-10-14,
DMV,DMV,M50,M,50,54,67,73,Snatch,91,Reginald Mays,,,2023-01-28,"Richmond, VA"
DMV,DMV,M50,M,50,54,67,73,Clean & Jerk,113,David Dreisigmeyer,,,2022-05-01,
DMV,DMV,M50,M,50,54,67,73,Total,201,David Dreisigmeyer,,,2022-05-01,
DMV,DMV,M50,M,50,54,73,81,Snatch,82,Wade Ritter,,,2020-10-09,
DMV,DMV,M50,M,50,54,73,81,Clean & Jerk,106,Glenn Plomchok,,,2022-04-22,"Richmond, VA"
DMV,DMV,M50,M,50,54,73,81,Total,179,Glenn Plomchok,,,2022-04-22,
DMV,DMV,M50,M,50,54,81,89,Snatch,80,Paul LaDuke,,,2021-08-06,
DMV,DMV,M50,M,50,54,81,89,Clean & Jerk,101,Paul LaDuke,,,2021-08-06,
DMV,DMV,M50,M,50,54,81,89,Total,181,Paul LaDuke,,,2021-08-06,
DMV,DMV,M50,M,50,54,89,96,Snatch,93,Bryan Deem,,,2020-03-08,
DMV,DMV,M50,M,50,54,89,96,Clean & Jerk,110,Bryan Deem,,,2020-03-08,
DMV,DMV,M50,M,50,54,89,96,Total,203,Bryan Deem,,,2020-03-08,
DMV,DMV,M50,M,50,54,96,102,Snatch,95,Matthew Sipos,,,2022-01-16,"Richmond, VA"
DMV,DMV,M50,M,50,54,96,102,Clean & Jerk,115,Matthew Sipos,,,2022-01-16,"Richmond, VA"
DMV,DMV,M50,M,50,54,96,102,Total,210,Matthew Sipos,,,2022-01-16,"Richmond, VA"
DMV,DMV,M50,M,50,54,102,109,Snatch,100,Matthew Sipos,,,2020-08-01,
DMV,DMV,M50,M,50,54,102,109,Clean & Jerk,125,Matthew Sipos,,,2020-08-01,
DMV,DMV,M50,M,50,54,102,109,Total,225,Matthew Sipos,,,2020-08-01,
DMV,DMV,M50,M,50,54,109,999,Snatch,88,Wayne Fleming,,,2023-03-17,
DMV,DMV,M50,M,50,54,109,999,Clean & Jerk,115,Wayne Fleming,,,2023-03-17,
DMV,DMV,M50,M,50,54,109,999,Total,203,Wayne Fleming,,,2023-03-17,
DMV,DMV,M55,M,55,59,61,67,Snatch,67,Kiho Kim,,,2021-01-30,
DMV,DMV,M55,M,55,59,61,67,Clean & Jerk,76,Kiho Kim,,,2021-01-30,
DMV,DMV,M55,M,55,59,61,67,Total,143,Kiho Kim,,,2021-01-30,
DMV,DMV,M55,M,55,59,67,73,Snatch,69,Mark Simon,,,2020-01-18,
DMV,DMV,M55,M,55,59,67,73,Clean & Jerk,88,Mark Simon,,,2020-01-18,
DMV,DMV,M55,M,55,59,67,73,Total,157,Mark Simon,,,2020-01-18,
DMV,DMV,M55,M,55,59,73,81,Snatch,68,Mario Dispensa,,,2021-03-18,
DMV,DMV,M55,M,55,59,73,81,Clean & Jerk,85,Mario Dispensa,,,2021-03-18,
DMV,DMV,M55,M,55,59,73,81,Total,153,Mario Dispensa,,,2021-03-18,
DMV,DMV,M55,M,55,59,81,89,Snatch,90,Robert O'Day,,,2022-12-03,"Richmond, VA"
DMV,DMV,M55,M,55,59,81,89,Clean & Jerk,115,Robert O'Day,,,2022-12-03,"Richmond, VA"
DMV,DMV,M55,M,55,59,81,89,Total,205,Robert O'Day,,,2022-12-03,"Richmond, VA"
DMV,DMV,M55,M,55,59,89,96,Snatch,85,Robert O'Day,,,2020-09-30,
DMV,DMV,M55,M,55,59,89,96,Clean & Jerk,108,Robert O'Day,,,2020-09-30,
DMV,DMV,M55,M,55,59,89,96,Total,193,Robert O'Day,,,2020-09-30,
DMV,DMV,M55,M,55,59,96,102,Snatch,84,Paul LaDuke,,,2022-12-04,
DMV,DMV,M55,M,55,59,96,102,Clean & Jerk,110,Paul LaDuke,,,2022-12-04,
DMV,DMV,M55,M,55,59,96,102,Total,194,Paul LaDuke,,,2022-12-04,
DMV,DMV,M55,M,55,59,102,109,Snatch,70,Tim Pierson,,,2020-01-18,
DMV,DMV,M55,M,55,59,102,109,Clean & Jerk,93,Tim Pierson,,,2020-01-18,
DMV,DMV,M55,M,55,59,102,109,Total,163,Tim Pierson,,,2020-01-18,
DMV,DMV,M55,M,55,59,109,999,Snatch,125,Rick Buchinell,,,2021-03-18,
DMV,DMV,M55,M,55,59,109,999,Clean & Jerk,156,Rick Buchinell,,,2021-03-18,
DMV,DMV,M55,M,55,59,109,999,Total,281,Rick Buchinell,,,2021-03-18,
DMV,DMV,M60,M,60,64,67,73,Snatch,45,Timothy Campbell,,,2023-04-29,
DMV,DMV,M60,M,60,64,67,73,Clean & Jerk,71,Timothy Campbell,,,2023-04-29,
DMV,DMV,M60,M,60,64,67,73,Total,116,Timothy Campbell,,,2023-04-29,
DMV,DMV,M60,M,60,64,73,81,Snatch,80,Scott Obici,,,2021-08-05,
DMV,DMV,M60,M,60,64,73,81,Clean & Jerk,104,Scott Obici,,,2021-08-05,
DMV,DMV,M60,M,60,64,73,81,Total,184,Scott Obici,,,2021-08-05,
DMV,DMV,M60,M,60,64,81,89,Snatch,87,Robert O-Day,,,2024-03-01,
DMV,DMV,M60,M,60,64,81,89,Clean & Jerk,107,Robert O-Day,,,2024-03-01,
DMV,DMV,M60,M,60,64,81,89,Total,194,Robert O-Day,,,2024-03-01,
DMV,DMV,M60,M,60,64,102,109,Snatch,58,Eugene Burke,,,2020-01-19,
DMV,DMV,M60,M,60,64,102,109,Clean & Jerk,75,Eugene Burke,,,2020-01-19,
DMV,DMV,M60,M,60,64,102,109,Total,133,Eugene Burke,,,2020-01-19,
DMV,DMV,M60,M,60,64,109,999,Snatch,58,Brian Lamb,,,2023-10-14,
DMV,DMV,M60,M,60,64,109,999,Clean & Jerk,80,Brian Lamb,,,2023-10-14,
DMV,DMV,M60,M,60,64,109,999,Total,138,Brian Lamb,,,2023-10-14,
DMV,DMV,M65,M,65,69,61,67,Snatch,37,Michael Foley,,,2020-01-25,
DMV,DMV,M65,M,65,69,61,67,Clean & Jerk,51,Michael Foley,,,2020-01-25,
DMV,DMV,M65,M,65,69,61,67,Total,88,Michael Foley,,,2020-01-25,
DMV,DMV,M65,M,65,69,67,73,Snatch,37,Michael Foley,,,2022-06-11,
DMV,DMV,M65,M,65,69,67,73,Clean & Jerk,50,Michael Foley,,,2022-06-11,
DMV,DMV,M65,M,65,69,67,73,Total,87,Michael Foley,,,2022-06-11,
DMV,DMV,M65,M,65,69,81,89,Snatch,56,Stephen Knott,,,2020-01-04,
DMV,DMV,M65,M,65,69,81,89,Clean & Jerk,75,Stephen Knott,,,2020-01-04,
DMV,DMV,M65,M,65,69,81,89,Total,131,Stephen Knott,,,2020-01-04,
DMV,DMV,M65,M,65,69,89,96,Snatch,55,Christopher Polakowski,,,2024-03-21,
DMV,DMV,M65,M,65,69,89,96,Clean & Jerk,71,Christopher Polakowski,,,2024-03-21,
DMV,DMV,M65,M,65,69,89,96,Total,126,Christopher Polakowski,,,2024-03-21,
DMV,DMV,M65,M,65,69,102,109,Snatch,64,Gerard Finn,,,2022-12-02,
DMV,DMV,M65,M,65,69,102,109,Clean & Jerk,86,Gerard Finn,,,2022-12-02,
DMV,DMV,M65,M,65,69,102,109,Total,150,Gerard Finn,,,2022-12-02,
DMV,DMV,M70,M,70,74,81,89,Snatch,30,Steven Kraft,,,2021-05-02,
DMV,DMV,M70,M,70,74,81,89,Clean & Jerk,35,Steven Kraft,,,2021-05-02,
DMV,DMV,M70,M,70,74,81,89,Total,65,Steven Kraft,,,2021-05-02,
DMV,DMV,M70,M,70,74,89,96,Snatch,29,Steven Kraft,,,2022-05-01,
DMV,DMV,M70,M,70,74,89,96,Clean & Jerk,34,Steven Kraft,,,2022-05-01,
DMV,DMV,M70,M,70,74,89,96,Total,63,Steven Kraft,,,2022-05-01,
DMV,DMV,M70,M,70,74,109,999,Snatch,60,Ward Sorensen,,,2024-01-13,
DMV,DMV,M70,M,70,74,109,999,Clean & Jerk,65,Ward Sorensen,,,2024-01-13,
DMV,DMV,M70,M,70,74,109,999,Total,125,Ward Sorensen,,,2024-01-13,
DMV,DMV,M75,M,75,79,67,73,Snatch,32,Prithviraj Mukherji,,,2022-10-29,
DMV,DMV,M75,M,75,79,67,73,Clean & Jerk,39,Prithviraj Mukherji,,,2022-10-29,
DMV,DMV,M75,M,75,79,67,73,Total,71,Prithviraj Mukherji,,,2022-10-29,
DMV,DMV,M75,M,75,79,73,81,Snatch,47,David Lovelace,,,2020-10-09,
DMV,DMV,M75,M,75,79,73,81,Clean & Jerk,64,David Lovelace,,,2020-10-09,
DMV,DMV,M75,M,75,79,73,81,Total,111,David Lovelace,,,2020-10-09,
DMV,DMV,M75,M,75,79,81,89,Snatch,65,Henry Deimel,,,2020-01-18,
DMV,DMV,M75,M,75,79,81,89,Clean & Jerk,86,Henry Deimel,,,2020-01-18,
DMV,DMV,M75,M,75,79,81,89,Total,151,Henry Deimel,,,2020-01-18,
DMV,DMV,F35,F,35,39,0,45,Snatch,33,Vivy Calizon,,,2023-04-16,Alexandria VA
DMV,DMV,F35,F,35,39,0,45,Clean & Jerk,46,Vivy Calizon,,,2023-04-16,Alexandria VA
DMV,DMV,F35,F,35,39,0,45,Total,79,Vivy Calizon,,,2023-04-16,Alexandria VA
DMV,DMV,F35,F,35,39,45,49,Snatch,45,Shirley Lam,,,2021-10-10,
DMV,DMV,F35,F,35,39,45,49,Clean & Jerk,58,Shirley Lam,,,2021-10-10,
DMV,DMV,F35,F,35,39,45,49,Total,103,Shirley Lam,,,2021-10-10,
DMV,DMV,F35,F,35,39,49,55,Snatch,61,Jessica Pine,,,2023-10-14,
DMV,DMV,F35,F,35,39,49,55,Clean & Jerk,85,Jessica Pine,,,2023-10-14,
DMV,DMV,F35,F,35,39,49,55,Total,146,Jessica Pine,,,2023-10-14,
DMV,DMV,F35,F,35,39,55,59,Snatch,71,Elizabeth Bartlett,,,2020-01-25,"Rosedale, MD"
DMV,DMV,F35,F,35,39,55,59,Clean & Jerk,88,Elizabeth Bartlett,,,2020-01-25,"Rosedale, MD"
DMV,DMV,F35,F,35,39,55,59,Total,159,Elizabeth Bartlett,,,2020-01-25,"Rosedale, MD"
DMV,DMV,F35,F,35,39,59,64,Snatch,87,Angela Carlberg,,,2021-07-03,
DMV,DMV,F35,F,35,39,59,64,Clean & Jerk,114,Angela Carlberg,,,2021-07-03,
DMV,DMV,F35,F,35,39,59,64,Total,201,Angela Carlberg,,,2021-07-03,
DMV,DMV,F35,F,35,39,64,71,Snatch,86,Jaclyn Alberts,,,2023-01-28,
DMV,DMV,F35,F,35,39,64,71,Clean & Jerk,108,Jaclyn Alberts,,,2023-01-28,
DMV,DMV,F35,F,35,39,64,71,Total,194,Jaclyn Alberts,,,2023-01-28,
DMV,DMV,F35,F,35,39,71,76,Snatch,80,Angelica Christopher,,,2021-12-05,
DMV,DMV,F35,F,35,39,71,76,Clean & Jerk,100,Angelica Christopher,,,2021-12-05,
DMV,DMV,F35,F,35,39,71,76,Total,180,Angelica Christopher,,,2021-12-05,
DMV,DMV,F35,F,35,39,76,81,Snatch,84,Teresa Kiel,,,2023-12-10,
DMV,DMV,F35,F,35,39,76,81,Clean & Jerk,102,Teresa Kiel,,,2023-12-10,
DMV,DMV,F35,F,35,39,76,81,Total,186,Teresa Kiel,,,2023-12-10,
DMV,DMV,F35,F,35,39,81,87,Snatch,75,Lauren McHugh,,,2024-03-24,
DMV,DMV,F35,F,35,39,81,87,Clean & Jerk,95,Yvgeni Henderson,,,2023-10-14,
DMV,DMV,F35,F,35,39,81,87,Total,165,Yvgeni Henderson,,,2023-10-14,
DMV,DMV,F35,F,35,39,87,999,Snatch,86,Ambrea Watts,,,2021-07-04,
DMV,DMV,F35,F,35,39,87,999,Clean & Jerk,114,Ambrea Watts,,,2021-07-04,
DMV,DMV,F35,F,35,39,87,999,Total,200,Ambrea Watts,,,2021-07-04,
DMV,DMV,F40,F,40,44,0,45,Snatch,58,Melissa Sue Jutras Kamphake,,,2020-10-09,
DMV,DMV,F40,F,40,44,0,45,Clean & Jerk,72,Melissa Sue Jutras Kamphake,,,2020-10-09,
DMV,DMV,F40,F,40,44,0,45,Total,130,Melissa Sue Jutras Kamphake,,,2020-10-09,
DMV,DMV,F40,F,40,44,45,49,Snatch,58,Melissa Sue Jutras Kamphake,,,2021-05-24,
DMV,DMV,F40,F,40,44,45,49,Clean & Jerk,73,Melissa Sue Jutras Kamphake,,,2021-05-24,
DMV,DMV,F40,F,40,44,45,49,Total,131,Melissa Sue Jutras Kamphake,,,2021-05-24,
DMV,DMV,F40,F,40,44,49,55,Snatch,64,Antonia Plazibat,,,2021-10-30,
DMV,DMV,F40,F,40,44,49,55,Clean & Jerk,78,Antonia Plazibat,,,2021-10-30,
DMV,DMV,F40,F,40,44,49,55,Total,142,Antonia Plazibat,,,2021-10-30,
DMV,DMV,F40,F,40,44,55,59,Snatch,76,Laura Bligh,,,2020-10-25,"Richmond, VA"
DMV,DMV,F40,F,40,44,55,59,Clean & Jerk,100,Laura Bligh,,,2020-12-05,
DMV,DMV,F40,F,40,44,55,59,Total,175,Laura Bligh,,,2020-12-05,
DMV,DMV,F40,F,40,44,59,64,Snatch,80,Laura Bligh,,,2020-04-11,
DMV,DMV,F40,F,40,44,59,64,Clean & Jerk,100,Laura Bligh,,,2020-04-11,
DMV,DMV,F40,F,40,44,59,64,Total,180,Laura Bligh,,,2020-04-11,
DMV,DMV,F40,F,40,44,64,71,Snatch,71,Casey Smith,,,2022-10-22,"Virginia Beach, VA"
DMV,DMV,F40,F,40,44,64,71,Clean & Jerk,91,Casey Smith,,,2022-08-07,"Richmond, VA"
DMV,DMV,F40,F,40,44,64,71,Total,161,Casey Smith,,,2022-08-07,"Richmond, VA"
DMV,DMV,F40,F,40,44,71,76,Snatch,65,Jennifer Miller,,,2022-09-18,
DMV,DMV,F40,F,40,44,71,76,Clean & Jerk,84,Sarah Welsh,,,2023-12-09,
DMV,DMV,F40,F,40,44,71,76,Total,146,Sarah Welsh,,,2023-12-09,
DMV,DMV,F40,F,40,44,76,81,Snatch,70,Leigh LeGare,,,2023-01-21,
DMV,DMV,F40,F,40,44,76,81,Clean & Jerk,94,Leigh LeGare,,,2023-03-18,
DMV,DMV,F40,F,40,44,76,81,Total,163,Leigh LeGare,,,2023-01-21,
DMV,DMV,F40,F,40,44,81,87,Snatch,74,Harmony Madden,,,2021-12-05,
DMV,DMV,F40,F,40,44,81,87,Clean & Jerk,97,Harmony Madden,,,2021-12-05,
DMV,DMV,F40,F,40,44,81,87,Total,171,Harmony Madden,,,2021-12-05,
DMV,DMV,F40,F,40,44,87,999,Snatch,88,Sarah Tyler,,,2022-12-04,
DMV,DMV,F40,F,40,44,87,999,Clean & Jerk,107,Sarah Tyler,,,2022-12-04,
DMV,DMV,F40,F,40,44,87,999,Total,195,Sarah Tyler,,,2022-12-04,
DMV,DMV,F45,F,45,49,45,49,Snatch,55,Rebecca Siders,,,2022-12-04,
DMV,DMV,F45,F,45,49,45,49,Clean & Jerk,71,Rebecca Siders,,,2022-12-04,
DMV,DMV,F45,F,45,49,45,49,Total,126,Rebecca Siders,,,2022-12-04,
DMV,DMV,F45,F,45,49,49,55,Snatch,54,Rebecca Siders,,,2023-03-16,
DMV,DMV,F45,F,45,49,49,55,Clean & Jerk,74,Rebecca Siders,,,2022-12-04,
DMV,DMV,F45,F,45,49,49,55,Total,128,Amy Knowles,,,2022-12-04,
DMV,DMV,F45,F,45,49,55,59,Snatch,58,Jara MacDermott,,,2024-02-29,
DMV,DMV,F45,F,45,49,55,59,Clean & Jerk,74,Jara MacDermott,,,2024-02-29,
DMV,DMV,F45,F,45,49,55,59,Total,132,Jara MacDermott,,,2024-02-29,
DMV,DMV,F45,F,45,49,59,64,Snatch,60,Courtney Stone,,,2023-11-05,
DMV,DMV,F45,F,45,49,59,64,Clean & Jerk,72,Shannon Griffin,,,2022-07-16,
DMV,DMV,F45,F,45,49,59,64,Total,125,Courtney Stone,,,2023-11-05,
DMV,DMV,F45,F,45,49,64,71,Snatch,60,Stacy Nichols,,,2020-10-09,
DMV,DMV,F45,F,45,49,64,71,Clean & Jerk,78,Stacy Nichols,,,2020-10-09,
DMV,DMV,F45,F,45,49,64,71,Total,138,Stacy Nichols,,,2020-10-09,
DMV,DMV,F45,F,45,49,71,76,Snatch,57,Shannon Griffin,,,2020-10-09,
DMV,DMV,F45,F,45,49,71,76,Clean & Jerk,78,Shannon Griffin,,,2020-10-09,
DMV,DMV,F45,F,45,49,71,76,Total,135,Shannon Griffin,,,2020-10-09,
DMV,DMV,F45,F,45,49,76,81,Snatch,57,Elizabeth Korchnak,,,2022-05-01,
DMV,DMV,F45,F,45,49,76,81,Clean & Jerk,72,Elizabeth Korchnak,,,2022-05-01,
DMV,DMV,F45,F,45,49,76,81,Total,129,Elizabeth Korchnak,,,2022-05-01,
DMV,DMV,F45,F,45,49,81,87,Snatch,58,Elizabeth Korchnak,,,2023-03-17,
DMV,DMV,F45,F,45,49,81,87,Clean & Jerk,73,Elizabeth Korchnak,,,2023-03-17,
DMV,DMV,F45,F,45,49,81,87,Total,131,Elizabeth Korchnak,,,2023-03-17,
DMV,DMV,F45,F,45,49,87,999,Snatch,62,Kelli Wells,,,2023-12-10,
DMV,DMV,F45,F,45,49,87,999,Clean & Jerk,75,Kelli Wells,,,2023-12-10,
DMV,DMV,F45,F,45,49,87,999,Total,137,Kelli Wells,,,2023-12-10,
DMV,DMV,F50,F,50,54,0,45,Snatch,25,Nikki Coletta,,,2023-11-05,
DMV,DMV,F50,F,50,54,0,45,Clean & Jerk,41,Nikki Coletta,,,2023-11-05,
DMV,DMV,F50,F,50,54,0,45,Total,66,Nikki Coletta,,,2023-11-05,
DMV,DMV,F50,F,50,54,45,49,Snatch,36,Antoinette Binning,,,2022-07-16,
DMV,DMV,F50,F,50,54,45,49,Clean & Jerk,50,Antoinette Binning,,,2022-07-16,
DMV,DMV,F50,F,50,54,45,49,Total,86,Antoinette Binning,,,2022-07-16,
DMV,DMV,F50,F,50,54,49,55,Snatch,38,Gaela Stromberg,,,2021-07-31,"Richmond, VA"
DMV,DMV,F50,F,50,54,49,55,Clean & Jerk,49,Kathleen Friend,,,2023-03-16,"Richmond, VA"
DMV,DMV,F50,F,50,54,49,55,Total,86,Kathleen Friend,,,2023-03-16,
DMV,DMV,F50,F,50,54,55,59,Snatch,49,Vanessa Stolarski,,,2023-03-16,
DMV,DMV,F50,F,50,54,55,59,Clean & Jerk,62,Vanessa Stolarski,,,2023-03-16,
DMV,DMV,F50,F,50,54,55,59,Total,111,Vanessa Stolarski,,,2023-03-16,
DMV,DMV,F50,F,50,54,59,64,Snatch,52,Vanessa Stolarski,,,2023-04-16,
DMV,DMV,F50,F,50,54,59,64,Clean & Jerk,69,Shannon Griffin,,,2024-03-21,
DMV,DMV,F50,F,50,54,59,64,Total,117,Shannon Griffin,,,2024-03-21,
DMV,DMV,F50,F,50,54,64,71,Snatch,57,Stacy Nichols,,,2021-11-05,
DMV,DMV,F50,F,50,54,64,71,Clean & Jerk,80,Stacy Nichols,,,2021-11-05,
DMV,DMV,F50,F,50,54,64,71,Total,137,Stacy Nichols,,,2021-11-05,
DMV,DMV,F50,F,50,54,71,76,Snatch,50,Krisztina Fulwiler,,,2020-05-31,
DMV,DMV,F50,F,50,54,71,76,Clean & Jerk,65,Krisztina Fulwiler,,,2020-05-31,
DMV,DMV,F50,F,50,54,71,76,Total,115,Krisztina Fulwiler,,,2020-05-31,
DMV,DMV,F50,F,50,54,76,81,Snatch,49,Heather Crouch,,,2023-03-16,
DMV,DMV,F50,F,50,54,76,81,Clean & Jerk,67,Heather Crouch,,,2023-03-16,
DMV,DMV,F50,F,50,54,76,81,Total,116,Heather Crouch,,,2023-03-16,
DMV,DMV,F50,F,50,54,81,87,Snatch,59,Elizabeth Korchnak,,,2024-03-22,
DMV,DMV,F50,F,50,54,81,87,Clean & Jerk,73,Elizabeth Korchnak,,,2024-03-22,
DMV,DMV,F50,F,50,54,81,87,Total,132,Elizabeth Korchnak,,,2024-03-22,
DMV,DMV,F50,F,50,54,87,999,Snatch,58,Julie Jones,,,2023-01-14,
DMV,DMV,F50,F,50,54,87,999,Clean & Jerk,76,Julie Jones,,,2023-01-14,
DMV,DMV,F50,F,50,54,87,999,Total,134,Julie Jones,,,2023-01-14,
DMV,DMV,F55,F,55,59,45,49,Snatch,21,Theresa Reumont-Burgess,,,2023-08-12,
DMV,DMV,F55,F,55,59,45,49,Clean & Jerk,28,Theresa Reumont-Burgess,,,2023-08-12,
DMV,DMV,F55,F,55,59,45,49,Total,49,Theresa Reumont-Burgess,,,2023-08-12,
DMV,DMV,F55,F,55,59,49,55,Snatch,37,Kathleen Friend,,,2023-03-16,
DMV,DMV,F55,F,55,59,49,55,Clean & Jerk,49,Kathleen Friend,,,2023-03-16,
DMV,DMV,F55,F,55,59,49,55,Total,86,Kathleen Friend,,,2023-03-16,
DMV,DMV,F55,F,55,59,55,59,Snatch,40,Jennifer Yeager,,,2022-10-09,
DMV,DMV,F55,F,55,59,55,59,Clean & Jerk,52,Susan Giuffre,,,2021-01-30,
DMV,DMV,F55,F,55,59,55,59,Total,91,Susan Giuffre,,,2021-05-24,
DMV,DMV,F55,F,55,59,59,64,Snatch,42,Jennifer Yeager,,,2022-06-11,
DMV,DMV,F55,F,55,59,59,64,Clean & Jerk,58,Jennifer Yeager,,,2022-06-11,
DMV,DMV,F55,F,55,59,59,64,Total,100,Jennifer Yeager,,,2022-06-11,
DMV,DMV,F55,F,55,59,64,71,Snatch,62,Kimberley Martin,,,2022-10-22,
DMV,DMV,F55,F,55,59,64,71,Clean & Jerk,76,Kimberley Martin,,,2020-10-25,
DMV,DMV,F55,F,55,59,64,71,Total,138,Kimberley Martin,,,2022-10-22,
DMV,DMV,F55,F,55,59,71,76,Snatch,56,Kimberly Martin,,,2021-07-31,"Richmond, VA"
DMV,DMV,F55,F,55,59,71,76,Clean & Jerk,77,Kimberly Martin,,,2021-07-31,"Richmond, VA"
DMV,DMV,F55,F,55,59,71,76,Total,133,Kimberly Martin,,,2021-07-31,"Richmond, VA"
DMV,DMV,F55,F,55,59,76,81,Snatch,54,Pattie Kraisser,,,2023-01-14,
DMV,DMV,F55,F,55,59,76,81,Clean & Jerk,65,Pattie Kraisser,,,2023-01-14,
DMV,DMV,F55,F,55,59,76,81,Total,119,Pattie Kraisser,,,2023-01-14,
DMV,DMV,F55,F,55,59,87,999,Snatch,45,Jana Berhow,,,2024-03-21,
DMV,DMV,F55,F,55,59,87,999,Clean & Jerk,51,Jana Berhow,,,2024-03-21,
DMV,DMV,F55,F,55,59,87,999,Total,96,Jana Berhow,,,2024-03-21,
DMV,DMV,F60,F,60,64,45,49,Snatch,38,Beth Lamoreaux,,,2022-12-01,
DMV,DMV,F60,F,60,64,45,49,Clean & Jerk,49,Beth Lamoreaux,,,2022-12-01,
DMV,DMV,F60,F,60,64,45,49,Total,87,Beth Lamoreaux,,,2022-12-01,
DMV,DMV,F60,F,60,64,49,55,Snatch,35,Beth Lamoreaux,,,2022-06-11,
DMV,DMV,F60,F,60,64,49,55,Clean & Jerk,45,Beth Lamoreaux,,,2022-06-11,
DMV,DMV,F60,F,60,64,49,55,Total,80,Beth Lamoreaux,,,2022-06-11,
DMV,DMV,F60,F,60,64,55,59,Snatch,34,Sharon Handel,,,2023-03-15,
DMV,DMV,F60,F,60,64,55,59,Clean & Jerk,40,Sharon Handel,,,2023-03-15,
DMV,DMV,F60,F,60,64,55,59,Total,74,Sharon Handel,,,2023-03-15,
DMV,DMV,F60,F,60,64,71,76,Snatch,41,Ljuca Belsito,,,2021-05-24,
DMV,DMV,F60,F,60,64,71,76,Clean & Jerk,64,Ljuca Belsito,,,2021-05-24,
DMV,DMV,F60,F,60,64,71,76,Total,105,Ljuca Belsito,,,2021-05-24,
DMV,DMV,F60,F,60,64,76,81,Snatch,41,Ljuca Belsito,,,2020-06-30,
DMV,DMV,F60,F,60,64,76,81,Clean & Jerk,63,Ljuca Belsito,,,2020-06-30,
DMV,DMV,F60,F,60,64,76,81,Total,104,Ljuca Belsito,,,2020-06-30,
DMV,DMV,F60,F,60,64,81,87,Snatch,37,Doncella Young,,,2023-10-30,
DMV,DMV,F60,F,60,64,81,87,Clean & Jerk,45,Doncella Young,,,2023-10-30,
DMV,DMV,F60,F,60,64,81,87,Total,82,Doncella Young,,,2023-10-30,
DMV,DMV,F65,F,65,69,55,59,Snatch,24,Sara Contente,,,2021-08-04,
DMV,DMV,F65,F,65,69,55,59,Clean & Jerk,32,Sara Contente,,,2021-08-04,
DMV,DMV,F65,F,65,69,55,59,Total,56,Sara Contente,,,2021-08-04,
DMV,DMV,F65,F,65,69,64,71,Snatch,32,Karen King,,,2020-01-18,
DMV,DMV,F65,F,65,69,64,71,Clean & Jerk,52,Karen King,,,2020-01-18,
DMV,DMV,F65,F,65,69,64,71,Total,84,Karen King,,,2020-01-18,
DMV,DMV,F65,F,65,69,71,76,Snatch,30,Karen King,,,2023-03-15,
DMV,DMV,F65,F,65,69,71,76,Clean & Jerk,49,Karen King,,,2023-03-15,
DMV,DMV,F65,F,65,69,71,76,Total,79,Karen King,,,2023-03-15,
DMV,DMV,F65,F,65,69,81,87,Snatch,37,Doncella Young,,,2024-03-21,
DMV,DMV,F65,F,65,69,81,87,Clean & Jerk,43,Doncella Young,,,2024-03-21,
DMV,DMV,F65,F,65,69,81,87,Total,80,Doncella Young,,,2024-03-21,
DMV,DMV,F70,F,70,74,55,59,Snatch,26,Sara Contente,,,2023-05-24,
DMV,DMV,F70,F,70,74,55,59,Clean & Jerk,30,Sara Contente,,,2023-05-24,
DMV,DMV,F70,F,70,74,55,59,Total,56,Sara Contente,,,2023-05-24,
DMV,DMV,F70,F,70,74,59,64,Snatch,24,Sara Contente,,,2022-08-10,
DMV,DMV,F70,F,70,74,59,64,Clean & Jerk,29,Sara Contente,,,2022-08-10,
DMV,DMV,F70,F,70,74,59,64,Total,53,Sara Contente,,,2022-08-10,
DMV,DMV,F70,F,70,74,71,76,Snatch,29,Karen King,,,2024-01-20,"Richmond, VA"
DMV,DMV,F70,F,70,74,71,76,Clean & Jerk,45,Karen King,,,2024-01-20,"Richmond, VA"
DMV,DMV,F70,F,70,74,71,76,Total,74,Karen King,,,2024-01-20,"Richmond, VA"
DMV,DMV,SR,M,15,999,0,55,Snatch,83,Keshav Nair,,,2022-10-30,
DMV,DMV,SR,M,15,999,0,55,Clean & Jerk,110,Keshav Nair,,,2022-10-30,
DMV,DMV,SR,M,15,999,0,55,Total,193,Keshav Nair,,,2022-10-30,
DMV,DMV,SR,M,15,999,55,61,Snatch,106,Quinn Kashishian,,,2020-02-07,
DMV,DMV,SR,M,15,999,55,61,Clean & Jerk,131,Quinn Kashishian,,,2020-02-07,
DMV,DMV,SR,M,15,999,55,61,Total,237,Quinn Kashishian,,,2020-02-07,
DMV,DMV,SR,M,15,999,61,67,Snatch,115,Concepcion Cruz-Rodriguez,,,2020-10-24,"Richmond, VA"
DMV,DMV,SR,M,15,999,61,67,Clean & Jerk,135,Concepcion Cruz-Rodriguez,,,2020-10-24,"Richmond, VA"
DMV,DMV,SR,M,15,999,61,67,Total,250,Concepcion Cruz-Rodriguez,,,2020-10-24,"Richmond, VA"
DMV,DMV,SR,M,15,999,67,73,Snatch,123,Michael Owens Jr,,,2023-03-11,
DMV,DMV,SR,M,15,999,67,73,Clean & Jerk,149,Willie Day,,,2023-03-19,
DMV,DMV,SR,M,15,999,67,73,Total,268,Willie Day,,,2023-03-19,
DMV,DMV,SR,M,15,999,73,81,Snatch,135,Troy Fries,,,2023-12-08,
DMV,DMV,SR,M,15,999,73,81,Clean & Jerk,180,Nicholas Dondzilla,,,2020-12-06,
DMV,DMV,SR,M,15,999,73,81,Total,314,Nicholas Dondzilla,,,2020-12-06,
DMV,DMV,SR,M,15,999,81,89,Snatch,146,Caleb Goodman,,,2023-07-01,"Colorado Springs, CO"
DMV,DMV,SR,M,15,999,81,89,Clean & Jerk,190,Caleb Goodman,,,2021-07-03,"Detroit, MI"
DMV,DMV,SR,M,15,999,81,89,Total,333,Caleb Goodman,,,2023-07-01,"Colorado Springs, CO"
DMV,DMV,SR,M,15,999,89,96,Snatch,157,Phil Sabatini,,,2021-07-03,"Detroit, MI"
DMV,DMV,SR,M,15,999,89,96,Clean & Jerk,186,Phil Sabatini,,,2020-12-06,
DMV,DMV,SR,M,15,999,89,96,Total,342,Phil Sabatini,,,2021-07-03,"Detroit, MI"
DMV,DMV,SR,M,15,999,96,102,Snatch,150,Caleb Weakland,,,2023-12-10,"Wilmington, NC"
DMV,DMV,SR,M,15,999,96,102,Clean & Jerk,182,Caleb Weakland,,,2023-07-02,"Colorado Springs, CO"
DMV,DMV,SR,M,15,999,96,102,Total,330,Caleb Weakland,,,2023-12-10,"Wilmington, NC"
DMV,DMV,SR,M,15,999,102,109,Snatch,150,Russell Bowman,,,2022-12-04,
DMV,DMV,SR,M,15,999,102,109,Clean & Jerk,193,Russell Bowman,,,2022-12-04,
DMV,DMV,SR,M,15,999,102,109,Total,343,Russell Bowman,,,2022-12-04,
DMV,DMV,SR,M,15,999,109,999,Snatch,163,Jacob Herbert,,,2023-12-10,"Wilmington, NC"
DMV,DMV,SR,M,15,999,109,999,Clean & Jerk,191,Jacob Herbert,,,2023-07-02,"Colorado Springs, CO"
DMV,DMV,SR,M,15,999,109,999,Total,354,Jacob Herbert,,,2023-12-10,"Wilmington, NC"
DMV,DMV,SR,F,15,999,0,45,Snatch,58,Melissa Sue Jutras Kamphake,,,2020-10-09,
DMV,DMV,SR,F,15,999,0,45,Clean & Jerk,72,Melissa Sue Jutras Kamphake,,,2020-10-09,
DMV,DMV,SR,F,15,999,0,45,Total,130,Melissa Sue Jutras Kamphake,,,2020-10-09,
DMV,DMV,SR,F,15,999,45,49,Snatch,67,Olivia Duran,,,2021-07-02,"Detroit, MI"
DMV,DMV,SR,F,15,999,45,49,Clean & Jerk,90,Olivia Duran,,,2021-07-02,"Detroit, MI"
DMV,DMV,SR,F,15,999,45,49,Total,157,Olivia Duran,,,2021-07-02,"Detroit, MI"
DMV,DMV,SR,F,15,999,49,55,Snatch,81,Maria Hayden,,,2020-12-05,
DMV,DMV,SR,F,15,999,49,55,Clean & Jerk,102,Maria Hayden,,,2020-12-05,
DMV,DMV,SR,F,15,999,49,55,Total,183,Maria Hayden,,,2020-12-05,
DMV,DMV,SR,F,15,999,55,59,Snatch,80,Laura Caggiano,,,2021-12-03,
DMV,DMV,SR,F,15,999,55,59,Clean & Jerk,100,Laura Caggiano,,,2021-12-03,
DMV,DMV,SR,F,15,999,55,59,Total,180,Laura Caggiano,,,2021-12-03,
DMV,DMV,SR,F,15,999,59,64,Snatch,88,Jaclyn Alberts,,,2021-07-03,"Detroit, MI"
DMV,DMV,SR,F,15,999,59,64,Clean & Jerk,117,Jaclyn Alberts,,,2021-07-03,"Detroit, MI"
DMV,DMV,SR,F,15,999,59,64,Total,205,Jaclyn Alberts,,,2021-07-03,"Detroit, MI"
DMV,DMV,SR,F,15,999,64,71,Snatch,91,Natalie Andrews,,,2021-12-04,
DMV,DMV,SR,F,15,999,64,71,Clean & Jerk,115,Jaclyn Alberts,,,2021-04-25,"Richmond, VA"
DMV,DMV,SR,F,15,999,64,71,Total,203,Jaclyn Alberts,,,2021-04-25,"Richmond, VA"
DMV,DMV,SR,F,15,999,71,76,Snatch,100,Kateri Peters,,,2021-12-05,
DMV,DMV,SR,F,15,999,71,76,Clean & Jerk,128,Kateri Peters,,,2021-12-05,
DMV,DMV,SR,F,15,999,71,76,Total,228,Kateri Peters,,,2021-12-05,
DMV,DMV,SR,F,15,999,76,81,Snatch,98,Kateri Peters,,,2023-07-02,
DMV,DMV,SR,F,15,999,76,81,Clean & Jerk,124,Kateri Peters,,,2023-07-02,
DMV,DMV,SR,F,15,999,76,81,Total,222,Kateri Peters,,,2023-07-02,
DMV,DMV,SR,F,15,999,81,87,Snatch,102,Kateri Peters,,,2022-07-03,
DMV,DMV,SR,F,15,999,81,87,Clean & Jerk,128,Kateri Peters,,,2022-07-03,
DMV,DMV,SR,F,15,999,81,87,Total,230,Kateri Peters,,,2022-07-03,
DMV,DMV,SR,F,15,999,87,999,Snatch,95,Avery Owens,,,2021-09-19,
DMV,DMV,SR,F,15,999,87,999,Clean & Jerk,122,Avery Owens,,,2021-09-19,
DMV,DMV,SR,F,15,999,87,999,Total,217,Avery Owens,,,2021-09-19,
DMV,DMV,U13,M,0,13,0,32,Snatch,15,Adam Sowayan,,,2023-04-02,
DMV,DMV,U13,M,0,13,0,32,Clean & Jerk,19,Adam Sowayan,,,2023-04-02,
DMV,DMV,U13,M,0,13,0,32,Total,34,Adam Sowayan,,,2023-04-02,
DMV,DMV,U13,M,0,13,32,36,Snatch,24,Gavin Searcey,,,2020-01-19,
DMV,DMV,U13,M,0,13,32,36,Clean & Jerk,32,Gavin Searcey,,,2020-01-19,
DMV,DMV,U13,M,0,13,32,36,Total,56,Gavin Searcey,,,2020-01-19,
DMV,DMV,U13,M,0,13,36,39,Snatch,30,Ramon Rodiguez,,,2022-06-25,
DMV,DMV,U13,M,0,13,36,39,Clean & Jerk,37,Ramon Rodiguez,,,2022-06-25,
DMV,DMV,U13,M,0,13,36,39,Total,67,Ramon Rodiguez,,,2022-06-25,
DMV,DMV,U13,M,0,13,39,44,Snatch,36,Calvin Greenfield,,,2020-12-03,
DMV,DMV,U13,M,0,13,39,44,Clean & Jerk,46,Calvin Greenfield,,,2020-12-03,
DMV,DMV,U13,M,0,13,39,44,Total,82,Calvin Greenfield,,,2020-12-03,
DMV,DMV,U13,M,0,13,44,49,Snatch,23,Graham Dundlow,,,2021-10-09,"Virginia Beach, VA"
DMV,DMV,U13,M,0,13,44,49,Clean & Jerk,32,Graham Dundlow,,,2021-10-09,"Virginia Beach, VA"
DMV,DMV,U13,M,0,13,44,49,Total,55,Graham Dundlow,,,2021-10-09,"Virginia Beach, VA"
DMV,DMV,U13,M,0,13,49,55,Snatch,48,Isaac Hunter,,,2022-12-01,
DMV,DMV,U13,M,0,13,49,55,Clean & Jerk,58,Isaac Hunter,,,2022-12-01,
DMV,DMV,U13,M,0,13,49,55,Total,106,Isaac Hunter,,,2022-12-01,
DMV,DMV,U13,M,0,13,55,61,Snatch,57,Calvin Greenfield,,,2022-06-25,
DMV,DMV,U13,M,0,13,55,61,Clean & Jerk,72,Calvin Greenfield,,,2022-06-25,
DMV,DMV,U13,M,0,13,55,61,Total,129,Calvin Greenfield,,,2022-06-25,
DMV,DMV,U13,M,0,13,61,67,Snatch,42,Collin Henriques,,,2022-10-09,
DMV,DMV,U13,M,0,13,61,67,Clean & Jerk,70,Collin Henriques,,,2022-10-09,
DMV,DMV,U13,M,0,13,61,67,Total,112,Collin Henriques,,,2022-10-09,
DMV,DMV,U13,M,0,13,67,73,Snatch,38,Deo Dannemiller,,,2022-09-16,
DMV,DMV,U13,M,0,13,67,73,Clean & Jerk,45,Deo Dannemiller,,,2022-09-16,
DMV,DMV,U13,M,0,13,67,73,Total,83,Deo Dannemiller,,,2022-09-16,
DMV,DMV,U13,M,0,13,73,999,Snatch,48,Declan Clevenger,,,2023-06-17,"Rockville, MD"
DMV,DMV,U13,M,0,13,73,999,Clean & Jerk,60,Declan Clevenger,,,2023-06-17,"Richmond, VA"
DMV,DMV,U13,M,0,13,73,999,Total,108,Declan Clevenger,,,2023-06-17,"Richmond, VA"
DMV,DMV,U15,M,14,15,39,44,Snatch,37,Graeme Quinn,,,2020-01-18,
DMV,DMV,U15,M,14,15,39,44,Clean & Jerk,45,Graeme Quinn,,,2020-01-18,
DMV,DMV,U15,M,14,15,39,44,Total,82,Graeme Quinn,,,2020-01-18,
DMV,DMV,U15,M,14,15,44,49,Snatch,44,Graeme Quinn,,,2021-05-02,
DMV,DMV,U15,M,14,15,44,49,Clean & Jerk,55,Graeme Quinn,,,2021-05-02,
DMV,DMV,U15,M,14,15,44,49,Total,97,Graeme Quinn,,,2021-05-02,
DMV,DMV,U15,M,14,15,49,55,Snatch,58,Isaac Hunter,,,2023-06-26,
DMV,DMV,U15,M,14,15,49,55,Clean & Jerk,72,Isaac Hunter,,,2023-06-26,
DMV,DMV,U15,M,14,15,49,55,Total,130,Isaac Hunter,,,2023-06-26,
DMV,DMV,U15,M,14,15,55,61,Snatch,71,Harry Phelps,,,2022-10-22,"Virginia Beach, VA"
DMV,DMV,U15,M,14,15,55,61,Clean & Jerk,92,Harry Phelps,,,2022-10-22,"Virginia Beach, VA"
DMV,DMV,U15,M,14,15,55,61,Total,163,Harry Phelps,,,2022-10-22,"Virginia Beach, VA"
DMV,DMV,U15,M,14,15,61,67,Snatch,65,Thomas Phillips,,,2022-10-29,
DMV,DMV,U15,M,14,15,61,67,Clean & Jerk,85,Thomas Phillips,,,2022-10-29,
DMV,DMV,U15,M,14,15,61,67,Total,150,Thomas Phillips,,,2022-10-29,
DMV,DMV,U15,M,14,15,67,73,Snatch,83,Addison Gosline,,,2022-10-29,
DMV,DMV,U15,M,14,15,67,73,Clean & Jerk,102,Addison Gosline,,,2022-10-29,
DMV,DMV,U15,M,14,15,67,73,Total,185,Addison Gosline,,,2022-10-29,
DMV,DMV,U15,M,14,15,73,81,Snatch,73,Nathan Keys,,,2021-10-09,"Virginia Beach, VA"
DMV,DMV,U15,M,14,15,73,81,Clean & Jerk,88,Nathan Keys,,,2021-10-09,"Virginia Beach, VA"
DMV,DMV,U15,M,14,15,73,81,Total,161,Nathan Keys,,,2021-10-09,"Virginia Beach, VA"
DMV,DMV,U15,M,14,15,81,89,Snatch,58,Oslin Diaz,,,2022-08-07,
DMV,DMV,U15,M,14,15,81,89,Clean & Jerk,73,Oslin Diaz,,,2022-08-07,
DMV,DMV,U15,M,14,15,81,89,Total,131,Oslin Diaz,,,2022-08-07,
DMV,DMV,U15,M,14,15,89,999,Snatch,75,Joe Korchnak,,,2023-10-21,
DMV,DMV,U15,M,14,15,89,999,Clean & Jerk,92,Joe Korchnak,,,2023-10-21,
DMV,DMV,U15,M,14,15,89,999,Total,167,Joe Korchnak,,,2023-10-21,
DMV,DMV,U17,M,16,17,49,55,Snatch,83,Keshav Nair,,,2021-12-03,
DMV,DMV,U17,M,16,17,49,55,Clean & Jerk,110,Keshav Nair,,,2021-12-03,
DMV,DMV,U17,M,16,17,49,55,Total,193,Keshav Nair,,,2021-12-03,
DMV,DMV,U17,M,16,17,55,61,Snatch,80,Keshav Nair,,,2021-10-30,
DMV,DMV,U17,M,16,17,55,61,Clean & Jerk,110,Keshav Nair,,,2021-10-30,
DMV,DMV,U17,M,16,17,55,61,Total,190,Keshav Nair,,,2021-10-30,
DMV,DMV,U17,M,16,17,61,67,Snatch,82,Harry Phelps,,,2023-12-07,
DMV,DMV,U17,M,16,17,61,67,Clean & Jerk,102,Harry Phelps,,,2023-12-07,
DMV,DMV,U17,M,16,17,61,67,Total,184,Harry Phelps,,,2023-12-07,
DMV,DMV,U17,M,16,17,67,73,Snatch,100,Michael Duffy,,,2020-03-08,
DMV,DMV,U17,M,16,17,67,73,Clean & Jerk,120,Michael Duffy,,,2020-03-08,
DMV,DMV,U17,M,16,17,67,73,Total,220,Michael Duffy,,,2020-03-08,
DMV,DMV,U17,M,16,17,73,81,Snatch,106,Michael Duffy,,,2020-11-29,
DMV,DMV,U17,M,16,17,73,81,Clean & Jerk,130,Michael Duffy,,,2020-11-29,
DMV,DMV,U17,M,16,17,73,81,Total,236,Michael Duffy,,,2020-11-29,
DMV,DMV,U17,M,16,17,81,89,Snatch,122,Conner Popielarz,,,2020-10-25,"Richmond, VA"
DMV,DMV,U17,M,16,17,81,89,Clean & Jerk,150,Conner Popielarz,,,2020-10-25,"Richmond, VA"
DMV,DMV,U17,M,16,17,81,89,Total,272,Conner Popielarz,,,2020-10-25,"Richmond, VA"
DMV,DMV,U17,M,16,17,89,96,Snatch,91,Mitchell Ferguson,,,2023-12-01,
DMV,DMV,U17,M,16,17,89,96,Clean & Jerk,100,Mitchell Ferguson,,,2023-12-01,
DMV,DMV,U17,M,16,17,89,96,Total,191,Mitchell Ferguson,,,2023-12-01,
DMV,DMV,U17,M,16,17,96,102,Snatch,93,James Beauchemin,,,2021-01-23,
DMV,DMV,U17,M,16,17,96,102,Clean & Jerk,124,James Beauchemin,,,2021-01-23,
DMV,DMV,U17,M,16,17,96,102,Total,217,James Beauchemin,,,2021-01-23,
DMV,DMV,U17,M,16,17,102,999,Snatch,100,James Beauchemin,,,2021-03-28,
DMV,DMV,U17,M,16,17,102,999,Clean & Jerk,136,James Beauchemin,,,2021-03-28,
DMV,DMV,U17,M,16,17,102,999,Total,236,James Beauchemin,,,2021-03-28,
DMV,DMV,U13,F,0,13,0,30,Snatch,28,Katelyn Robinson,,,2022-06-25,
DMV,DMV,U13,F,0,13,0,30,Clean & Jerk,37,Katelyn Robinson,,,2022-03-26,
DMV,DMV,U13,F,0,13,0,30,Total,64,Katelyn Robinson,,,2022-03-26,
DMV,DMV,U13,F,0,13,30,33,Snatch,19,Zoey Phillips,,,2021-01-30,
DMV,DMV,U13,F,0,13,30,33,Clean & Jerk,24,Zoey Phillips,,,2021-01-30,
DMV,DMV,U13,F,0,13,30,33,Total,43,Zoey Phillips,,,2021-01-30,
DMV,DMV,U13,F,0,13,33,36,Snatch,20,Zoey Phillips,,,2021-06-26,
DMV,DMV,U13,F,0,13,33,36,Clean & Jerk,27,Zoey Phillips,,,2021-06-26,
DMV,DMV,U13,F,0,13,33,36,Total,47,Zoey Phillips,,,2021-06-26,
DMV,DMV,U13,F,0,13,36,40,Snatch,33,Tessa Hollander,,,2020-01-19,
DMV,DMV,U13,F,0,13,36,40,Clean & Jerk,43,Tessa Hollander,,,2020-01-19,
DMV,DMV,U13,F,0,13,36,40,Total,76,Tessa Hollander,,,2020-01-19,
DMV,DMV,U13,F,0,13,40,45,Snatch,31,mariana deoliveira,,,2021-11-28,
DMV,DMV,U13,F,0,13,40,45,Clean & Jerk,43,mariana deoliveira,,,2022-01-15,
DMV,DMV,U13,F,0,13,40,45,Total,73,mariana deoliveira,,,2021-11-28,
DMV,DMV,U13,F,0,13,45,49,Snatch,40,Lucy Korn,,,2022-10-23,
DMV,DMV,U13,F,0,13,45,49,Clean & Jerk,48,Lucy Korn,,,2022-10-23,
DMV,DMV,U13,F,0,13,45,49,Total,88,Lucy Korn,,,2022-10-23,
DMV,DMV,U13,F,0,13,49,55,Snatch,38,Amelia Phillips,,,2020-01-26,
DMV,DMV,U13,F,0,13,49,55,Clean & Jerk,44,Amelia Phillips,,,2020-01-26,
DMV,DMV,U13,F,0,13,49,55,Total,82,Amelia Phillips,,,2020-01-26,
DMV,DMV,U13,F,0,13,55,59,Snatch,44,Amelia Phillips,,,2020-12-03,
DMV,DMV,U13,F,0,13,55,59,Clean & Jerk,55,Amelia Phillips,,,2020-12-03,
DMV,DMV,U13,F,0,13,55,59,Total,99,Amelia Phillips,,,2020-12-03,
DMV,DMV,U13,F,0,13,59,64,Snatch,54,Amelia Phillips,,,2021-06-26,
DMV,DMV,U13,F,0,13,59,64,Clean & Jerk,64,Amelia Phillips,,,2021-06-26,
DMV,DMV,U13,F,0,13,59,64,Total,118,Amelia Phillips,,,2021-06-26,
DMV,DMV,U13,F,0,13,64,999,Snatch,57,Milan Mack,,,2020-12-03,
DMV,DMV,U13,F,0,13,64,999,Clean & Jerk,75,Milan Mack,,,2020-12-04,
DMV,DMV,U13,F,0,13,64,999,Total,132,Milan Mack,,,2020-12-05,
DMV,DMV,U15,F,14,15,45,49,Snatch,40,Kendall Williams,,,2022-12-01,
DMV,DMV,U15,F,14,15,45,49,Clean & Jerk,52,Kendall Williams,,,2022-12-01,
DMV,DMV,U15,F,14,15,45,49,Total,92,Kendall Williams,,,2022-12-01,
DMV,DMV,U15,F,14,15,49,55,Snatch,46,Lucy Korn,,,2023-05-27,
DMV,DMV,U15,F,14,15,49,55,Clean & Jerk,57,Lucy Korn,,,2023-05-27,
DMV,DMV,U15,F,14,15,49,55,Total,103,Lucy Korn,,,2023-05-27,
DMV,DMV,U15,F,14,15,55,59,Snatch,52,Grace Edwards,,,2020-10-31,"Virginia Beach, VA"
DMV,DMV,U15,F,14,15,55,59,Clean & Jerk,63,Grace Edwards,,,2020-10-31,"Virginia Beach, VA"
DMV,DMV,U15,F,14,15,55,59,Total,115,Grace Edwards,,,2020-10-31,"Virginia Beach, VA"
DMV,DMV,U15,F,14,15,59,64,Snatch,54,Wynter Montgomery,,,2022-06-26,
DMV,DMV,U15,F,14,15,59,64,Clean & Jerk,66,Grace Edwards,,,2020-01-19,
DMV,DMV,U15,F,14,15,59,64,Total,119,Wynter Montgomery,,,2022-06-26,
DMV,DMV,U15,F,14,15,64,71,Snatch,77,Isabella Rivera,,,2020-12-04,
DMV,DMV,U15,F,14,15,64,71,Clean & Jerk,100,Isabella Rivera,,,2020-12-04,
DMV,DMV,U15,F,14,15,64,71,Total,177,Isabella Rivera,,,2020-12-04,
DMV,DMV,U15,F,14,15,71,76,Snatch,49,Alaina Strates,,,2020-12-04,
DMV,DMV,U15,F,14,15,71,76,Clean & Jerk,60,Alaina Strates,,,2020-12-04,
DMV,DMV,U15,F,14,15,71,76,Total,109,Alaina Strates,,,2020-12-04,
DMV,DMV,U15,F,14,15,76,999,Snatch,75,Makenna Mack,,,2020-12-04,\
DMV,DMV,U15,F,14,15,76,999,Clean & Jerk,92,Makenna Mack,,,2020-12-04,
DMV,DMV,U15,F,14,15,76,999,Total,167,Makenna Mack,,,2020-12-04,
DMV,DMV,U17,F,16,17,40,45,Snatch,29,Keely Lockwood,,,2021-08-01,
DMV,DMV,U17,F,16,17,40,45,Clean & Jerk,39,Keely Lockwood,,,2021-08-01,
DMV,DMV,U17,F,16,17,40,45,Total,68,Keely Lockwood,,,2021-08-01,
DMV,DMV,U17,F,16,17,45,49,Snatch,61,Jaelyn Noon,,,2021-06-28,
DMV,DMV,U17,F,16,17,45,49,Clean & Jerk,75,Jaelyn Noon,,,2021-06-28,
DMV,DMV,U17,F,16,17,45,49,Total,136,Jaelyn Noon,,,2021-06-28,
DMV,DMV,U17,F,16,17,49,55,Snatch,82,Ella Grizzle,,,2020-02-07,
DMV,DMV,U17,F,16,17,49,55,Clean & Jerk,90,Ella Grizzle,,,2020-02-07,
DMV,DMV,U17,F,16,17,49,55,Total,172,Ella Grizzle,,,2020-02-07,
DMV,DMV,U17,F,16,17,55,59,Snatch,61,Jaelyn Noon,,,2020-02-08,
DMV,DMV,U17,F,16,17,55,59,Clean & Jerk,79,Jaelyn Noon,,,2020-02-08,
DMV,DMV,U17,F,16,17,55,59,Total,140,Jaelyn Noon,,,2020-02-08,
DMV,DMV,U17,F,16,17,59,64,Snatch,66,Lauren Ferris,,,2020-01-19,
DMV,DMV,U17,F,16,17,59,64,Clean & Jerk,82,Paige Austin,,,2023-12-08,
DMV,DMV,U17,F,16,17,59,64,Total,145,Lauren Ferris,,,2020-01-19,
DMV,DMV,U17,F,16,17,64,71,Snatch,85,Natalie Andrews,,,2020-12-06,
DMV,DMV,U17,F,16,17,64,71,Clean & Jerk,104,Natalie Andrews,,,2021-07-31,
DMV,DMV,U17,F,16,17,64,71,Total,189,Natalie Andrews,,,2021-07-31,
DMV,DMV,U17,F,16,17,71,76,Snatch,86,Isabella Rivera,,,2022-06-16,
DMV,DMV,U17,F,16,17,71,76,Clean & Jerk,108,Isabella Rivera,,,2022-06-16,
DMV,DMV,U17,F,16,17,71,76,Total,194,Isabella Rivera,,,2022-06-16,
DMV,DMV,U17,F,16,17,76,81,Snatch,73,Makenna Mack,,,2022-06-27,
DMV,DMV,U17,F,16,17,76,81,Clean & Jerk,86,Makenna Mack,,,2022-06-27,
DMV,DMV,U17,F,16,17,76,81,Total,159,Makenna Mack,,,2022-06-27,
DMV,DMV,U17,F,16,17,81,999,Snatch,78,Makenna Mack,,,2021-01-24,
DMV,DMV,U17,F,16,17,81,999,Clean & Jerk,93,Makenna Mack,,,2021-01-24,
DMV,DMV,U17,F,16,17,81,999,Total,171,Makenna Mack,,,2021-01-24,
